{
    "products": [
      {
        "id": "p101",
        "cost": "51.99",
        "image":"http://via.placeholder.com/60x60",
        "quantity" : 10
      },
      {
        "id": "p102",
        "cost": "52.99",
        "image":"http://via.placeholder.com/60x60",
        "quantity" : 10
      },
      {
        "id": "p103",
        "cost": "53.99",
        "image":"http://via.placeholder.com/60x60",
        "quantity" : 10
      },
      {
        "id": "p104",
        "cost": "54.99",
        "image":"http://via.placeholder.com/60x60",
        "quantity" : 10
      },
      {
        "id": "p105",
        "cost": "55.99",
        "image":"http://via.placeholder.com/60x60",
        "quantity" : 10
      }
    ]
  
}